<?xml version="1.0" encoding="UTF-8"?>
<export version="D">
  <design>
    <source>/home/rob/Documents/PlatformIO/Projects/OpenHVPS/Kicad files/OpenHVPS-5/OpenHVPS-5.kicad_sch</source>
    <date>Tue 09 Feb 2021 08:15:45 PM JST</date>
    <tool>Eeschema 5.99.0-unknown-34d7c3e31f~101~ubuntu20.04.1</tool>
    <sheet number="1" name="/" tstamps="/">
      <title_block>
        <title>SafePulse</title>
        <company>SafeCast</company>
        <rev>2.01</rev>
        <date>2021-01-24</date>
        <source>OpenHVPS-5.kicad_sch</source>
        <comment number="1" value="Double Sided Version"/>
        <comment number="2" value=""/>
        <comment number="3" value=""/>
        <comment number="4" value=""/>
        <comment number="5" value=""/>
        <comment number="6" value=""/>
        <comment number="7" value=""/>
        <comment number="8" value=""/>
        <comment number="9" value=""/>
      </title_block>
    </sheet>
  </design>
  <components>
    <comp ref="C1">
      <value>150pF</value>
      <footprint>Capacitor_SMD:C_0805_2012Metric</footprint>
      <datasheet>https://www.digikey.com/en/products/detail/w%C3%BCrth-elektronik/885012207111/9346002</datasheet>
      <libsource lib="Device" part="C" description="Unpolarized capacitor"/>
      <property name="Sheetname" value=""/>
      <property name="Sheetfile" value="OpenHVPS-5.kicad_sch"/>
      <sheetpath names="/" tstamps="/"/>
      <tstamp>00000000-0000-0000-0000-0000600fa622</tstamp>
    </comp>
    <comp ref="C2">
      <value>1uF</value>
      <footprint>Capacitor_SMD:C_0805_2012Metric</footprint>
      <datasheet>https://www.digikey.com/en/products/detail/samsung-electro-mechanics/CL21B105KOFNNNG/3894469</datasheet>
      <libsource lib="Device" part="C" description="Unpolarized capacitor"/>
      <property name="Sheetname" value=""/>
      <property name="Sheetfile" value="OpenHVPS-5.kicad_sch"/>
      <sheetpath names="/" tstamps="/"/>
      <tstamp>00000000-0000-0000-0000-0000600aa140</tstamp>
    </comp>
    <comp ref="C3">
      <value>1nF</value>
      <footprint>Capacitor_SMD:C_0805_2012Metric</footprint>
      <datasheet>https://www.digikey.jp/product-detail/en/CL21B105KOFNNNG/1276-6471-1-ND/5958099/?itemSeq=353431115</datasheet>
      <libsource lib="Device" part="C" description="Unpolarized capacitor"/>
      <property name="Sheetname" value=""/>
      <property name="Sheetfile" value="OpenHVPS-5.kicad_sch"/>
      <sheetpath names="/" tstamps="/"/>
      <tstamp>00000000-0000-0000-0000-00006007c47e</tstamp>
    </comp>
    <comp ref="C4">
      <value>10uF</value>
      <footprint>Capacitor_SMD:C_1210_3225Metric</footprint>
      <datasheet>https://www.digikey.com/en/products/detail/taiyo-yuden/EMK325BJ106KN-T/930729</datasheet>
      <libsource lib="Device" part="C" description="Unpolarized capacitor"/>
      <property name="Sheetname" value=""/>
      <property name="Sheetfile" value="OpenHVPS-5.kicad_sch"/>
      <sheetpath names="/" tstamps="/"/>
      <tstamp>00000000-0000-0000-0000-000060023647</tstamp>
    </comp>
    <comp ref="C5">
      <value>1uF</value>
      <footprint>Capacitor_SMD:C_0805_2012Metric</footprint>
      <datasheet>https://www.digikey.com/en/products/detail/samsung-electro-mechanics/CL21B105KOFNNNG/3894469</datasheet>
      <libsource lib="Device" part="C" description="Unpolarized capacitor"/>
      <property name="Sheetname" value=""/>
      <property name="Sheetfile" value="OpenHVPS-5.kicad_sch"/>
      <sheetpath names="/" tstamps="/"/>
      <tstamp>00000000-0000-0000-0000-0000600248db</tstamp>
    </comp>
    <comp ref="C6">
      <value>0.1uF</value>
      <footprint>Capacitor_SMD:C_0805_2012Metric</footprint>
      <datasheet>https://www.digikey.com/en/products/detail/tdk-corporation/C2012X7T2E104K125AA/2733184</datasheet>
      <libsource lib="Device" part="C" description="Unpolarized capacitor"/>
      <property name="Sheetname" value=""/>
      <property name="Sheetfile" value="OpenHVPS-5.kicad_sch"/>
      <sheetpath names="/" tstamps="/"/>
      <tstamp>00000000-0000-0000-0000-00005ff7e2a6</tstamp>
    </comp>
    <comp ref="C7">
      <value>0.1uF</value>
      <footprint>Capacitor_SMD:C_0805_2012Metric</footprint>
      <datasheet>https://www.digikey.com/en/products/detail/tdk-corporation/C2012X7T2E104K125AA/2733184</datasheet>
      <libsource lib="Device" part="C" description="Unpolarized capacitor"/>
      <property name="Sheetname" value=""/>
      <property name="Sheetfile" value="OpenHVPS-5.kicad_sch"/>
      <sheetpath names="/" tstamps="/"/>
      <tstamp>00000000-0000-0000-0000-00005ff65a78</tstamp>
    </comp>
    <comp ref="C8">
      <value>0.1uF</value>
      <footprint>Capacitor_SMD:C_0805_2012Metric</footprint>
      <datasheet>https://www.digikey.com/en/products/detail/tdk-corporation/C2012X7T2E104K125AA/2733184</datasheet>
      <libsource lib="Device" part="C" description="Unpolarized capacitor"/>
      <property name="Sheetname" value=""/>
      <property name="Sheetfile" value="OpenHVPS-5.kicad_sch"/>
      <sheetpath names="/" tstamps="/"/>
      <tstamp>00000000-0000-0000-0000-00005ff7ebac</tstamp>
    </comp>
    <comp ref="C9">
      <value>0.1uF</value>
      <footprint>Capacitor_SMD:C_0805_2012Metric</footprint>
      <datasheet>https://www.digikey.com/en/products/detail/tdk-corporation/C2012X7T2E104K125AA/2733184</datasheet>
      <libsource lib="Device" part="C" description="Unpolarized capacitor"/>
      <property name="Sheetname" value=""/>
      <property name="Sheetfile" value="OpenHVPS-5.kicad_sch"/>
      <sheetpath names="/" tstamps="/"/>
      <tstamp>00000000-0000-0000-0000-00005ff695e7</tstamp>
    </comp>
    <comp ref="C10">
      <value>0.1uF</value>
      <footprint>Capacitor_SMD:C_0805_2012Metric</footprint>
      <datasheet>https://www.digikey.com/en/products/detail/tdk-corporation/C2012X7T2E104K125AA/2733184</datasheet>
      <libsource lib="Device" part="C" description="Unpolarized capacitor"/>
      <property name="Sheetname" value=""/>
      <property name="Sheetfile" value="OpenHVPS-5.kicad_sch"/>
      <sheetpath names="/" tstamps="/"/>
      <tstamp>00000000-0000-0000-0000-00005ff7f335</tstamp>
    </comp>
    <comp ref="C11">
      <value>0.1uF</value>
      <footprint>Capacitor_SMD:C_0805_2012Metric</footprint>
      <datasheet>https://www.digikey.com/en/products/detail/tdk-corporation/C2012X7T2E104K125AA/2733184</datasheet>
      <libsource lib="Device" part="C" description="Unpolarized capacitor"/>
      <property name="Sheetname" value=""/>
      <property name="Sheetfile" value="OpenHVPS-5.kicad_sch"/>
      <sheetpath names="/" tstamps="/"/>
      <tstamp>00000000-0000-0000-0000-00005ff69d16</tstamp>
    </comp>
    <comp ref="C12">
      <value>0.1uF</value>
      <footprint>Capacitor_SMD:C_0805_2012Metric</footprint>
      <datasheet>https://www.digikey.com/en/products/detail/tdk-corporation/C2012X7T2E104K125AA/2733184</datasheet>
      <libsource lib="Device" part="C" description="Unpolarized capacitor"/>
      <property name="Sheetname" value=""/>
      <property name="Sheetfile" value="OpenHVPS-5.kicad_sch"/>
      <sheetpath names="/" tstamps="/"/>
      <tstamp>00000000-0000-0000-0000-00005ff7f801</tstamp>
    </comp>
    <comp ref="C13">
      <value>0.1uF</value>
      <footprint>Capacitor_SMD:C_0805_2012Metric</footprint>
      <datasheet>https://www.digikey.com/en/products/detail/tdk-corporation/C2012X7T2E104K125AA/2733184</datasheet>
      <libsource lib="Device" part="C" description="Unpolarized capacitor"/>
      <property name="Sheetname" value=""/>
      <property name="Sheetfile" value="OpenHVPS-5.kicad_sch"/>
      <sheetpath names="/" tstamps="/"/>
      <tstamp>00000000-0000-0000-0000-00005ff6a25a</tstamp>
    </comp>
    <comp ref="C14">
      <value>0.1uF</value>
      <footprint>Capacitor_SMD:C_0805_2012Metric</footprint>
      <datasheet>https://www.digikey.com/en/products/detail/tdk-corporation/C2012X7T2E104K125AA/2733184</datasheet>
      <libsource lib="Device" part="C" description="Unpolarized capacitor"/>
      <property name="Sheetname" value=""/>
      <property name="Sheetfile" value="OpenHVPS-5.kicad_sch"/>
      <sheetpath names="/" tstamps="/"/>
      <tstamp>00000000-0000-0000-0000-00005ff7fc43</tstamp>
    </comp>
    <comp ref="C15">
      <value>0.1uF</value>
      <footprint>Capacitor_SMD:C_0805_2012Metric</footprint>
      <datasheet>https://www.digikey.com/en/products/detail/tdk-corporation/C2012X7T2E104K125AA/2733184</datasheet>
      <libsource lib="Device" part="C" description="Unpolarized capacitor"/>
      <property name="Sheetname" value=""/>
      <property name="Sheetfile" value="OpenHVPS-5.kicad_sch"/>
      <sheetpath names="/" tstamps="/"/>
      <tstamp>00000000-0000-0000-0000-00005ff6a662</tstamp>
    </comp>
    <comp ref="C16">
      <value>0.1uF</value>
      <footprint>Capacitor_SMD:C_0805_2012Metric</footprint>
      <datasheet>https://www.digikey.com/en/products/detail/tdk-corporation/C2012X7T2E104K125AA/2733184</datasheet>
      <libsource lib="Device" part="C" description="Unpolarized capacitor"/>
      <property name="Sheetname" value=""/>
      <property name="Sheetfile" value="OpenHVPS-5.kicad_sch"/>
      <sheetpath names="/" tstamps="/"/>
      <tstamp>00000000-0000-0000-0000-00005ff80085</tstamp>
    </comp>
    <comp ref="C17">
      <value>0.1uF</value>
      <footprint>Capacitor_SMD:C_0805_2012Metric</footprint>
      <datasheet>https://www.digikey.com/en/products/detail/tdk-corporation/C2012X7T2E104K125AA/2733184</datasheet>
      <libsource lib="Device" part="C" description="Unpolarized capacitor"/>
      <property name="Sheetname" value=""/>
      <property name="Sheetfile" value="OpenHVPS-5.kicad_sch"/>
      <sheetpath names="/" tstamps="/"/>
      <tstamp>00000000-0000-0000-0000-00005ff6ab63</tstamp>
    </comp>
    <comp ref="C18">
      <value>0.1uF</value>
      <footprint>Capacitor_SMD:C_0805_2012Metric</footprint>
      <datasheet>https://www.digikey.com/en/products/detail/tdk-corporation/C2012X7T2E104K125AA/2733184</datasheet>
      <libsource lib="Device" part="C" description="Unpolarized capacitor"/>
      <property name="Sheetname" value=""/>
      <property name="Sheetfile" value="OpenHVPS-5.kicad_sch"/>
      <sheetpath names="/" tstamps="/"/>
      <tstamp>00000000-0000-0000-0000-00005ff808db</tstamp>
    </comp>
    <comp ref="C19">
      <value>0.1uF</value>
      <footprint>Capacitor_SMD:C_0805_2012Metric</footprint>
      <datasheet>https://www.digikey.com/en/products/detail/tdk-corporation/C2012X7T2E104K125AA/2733184</datasheet>
      <libsource lib="Device" part="C" description="Unpolarized capacitor"/>
      <property name="Sheetname" value=""/>
      <property name="Sheetfile" value="OpenHVPS-5.kicad_sch"/>
      <sheetpath names="/" tstamps="/"/>
      <tstamp>08dda37d-0dd1-4814-8416-d6840edd86e6</tstamp>
    </comp>
    <comp ref="C22">
      <value>360pF</value>
      <footprint>Capacitor_SMD:C_0805_2012Metric</footprint>
      <datasheet>https://www.digikey.com/en/products/detail/kemet/C0805C361J1GAC7800/2212653</datasheet>
      <libsource lib="Device" part="C" description="Unpolarized capacitor"/>
      <property name="Sheetname" value=""/>
      <property name="Sheetfile" value="OpenHVPS-5.kicad_sch"/>
      <sheetpath names="/" tstamps="/"/>
      <tstamp>743b7e51-503f-44bc-a063-83e91538f340</tstamp>
    </comp>
    <comp ref="C23">
      <value>1uF</value>
      <footprint>Capacitor_SMD:C_0805_2012Metric</footprint>
      <datasheet>https://www.digikey.com/en/products/detail/samsung-electro-mechanics/CL21B105KOFNNNG/3894469</datasheet>
      <libsource lib="Device" part="C" description="Unpolarized capacitor"/>
      <property name="Sheetname" value=""/>
      <property name="Sheetfile" value="OpenHVPS-5.kicad_sch"/>
      <sheetpath names="/" tstamps="/"/>
      <tstamp>00000000-0000-0000-0000-0000600c7b21</tstamp>
    </comp>
    <comp ref="C24">
      <value>1nF</value>
      <footprint>Capacitor_SMD:C_0805_2012Metric</footprint>
      <datasheet>https://www.digikey.jp/product-detail/en/CL21B105KOFNNNG/1276-6471-1-ND/5958099/?itemSeq=353431115</datasheet>
      <libsource lib="Device" part="C" description="Unpolarized capacitor"/>
      <property name="Sheetname" value=""/>
      <property name="Sheetfile" value="OpenHVPS-5.kicad_sch"/>
      <sheetpath names="/" tstamps="/"/>
      <tstamp>834bd735-860c-4b4e-b96c-108ade73f718</tstamp>
    </comp>
    <comp ref="D1">
      <value>BAS16J</value>
      <footprint>Diode_SMD:D_SOD-323</footprint>
      <datasheet>https://www.digikey.com/en/products/detail/nexperia-usa-inc/BAS16J135/2405996</datasheet>
      <libsource lib="Diode" part="1N4148W" description="75V 0.15A Fast Switching Diode, SOD-123"/>
      <property name="Sheetname" value=""/>
      <property name="Sheetfile" value="OpenHVPS-5.kicad_sch"/>
      <sheetpath names="/" tstamps="/"/>
      <tstamp>00000000-0000-0000-0000-0000600ddc6a</tstamp>
    </comp>
    <comp ref="D2">
      <value>BAS16J</value>
      <footprint>Diode_SMD:D_SOD-323</footprint>
      <datasheet>https://www.digikey.com/en/products/detail/nexperia-usa-inc/BAS16J135/2405996</datasheet>
      <libsource lib="Diode" part="1N4148W" description="75V 0.15A Fast Switching Diode, SOD-123"/>
      <property name="Sheetname" value=""/>
      <property name="Sheetfile" value="OpenHVPS-5.kicad_sch"/>
      <sheetpath names="/" tstamps="/"/>
      <tstamp>00000000-0000-0000-0000-00006007dc1b</tstamp>
    </comp>
    <comp ref="D3">
      <value>BAV23S</value>
      <footprint>Package_TO_SOT_SMD:SOT-23</footprint>
      <datasheet>https://www.digikey.com/en/products/detail/on-semiconductor/BAV23S/965240</datasheet>
      <libsource lib="Diode" part="BAV99" description="BAV99 High-speed switching diodes, SOT-23"/>
      <property name="Sheetname" value=""/>
      <property name="Sheetfile" value="OpenHVPS-5.kicad_sch"/>
      <sheetpath names="/" tstamps="/"/>
      <tstamp>00000000-0000-0000-0000-00005ff5fed2</tstamp>
    </comp>
    <comp ref="D4">
      <value>BAV23S</value>
      <footprint>Package_TO_SOT_SMD:SOT-23</footprint>
      <datasheet>https://www.digikey.com/en/products/detail/on-semiconductor/BAV23S/965240</datasheet>
      <libsource lib="Diode" part="BAV99" description="BAV99 High-speed switching diodes, SOT-23"/>
      <property name="Sheetname" value=""/>
      <property name="Sheetfile" value="OpenHVPS-5.kicad_sch"/>
      <sheetpath names="/" tstamps="/"/>
      <tstamp>00000000-0000-0000-0000-00005ff5c23e</tstamp>
    </comp>
    <comp ref="D5">
      <value>BAV23S</value>
      <footprint>Package_TO_SOT_SMD:SOT-23</footprint>
      <datasheet>https://www.digikey.com/en/products/detail/on-semiconductor/BAV23S/965240</datasheet>
      <libsource lib="Diode" part="BAV99" description="BAV99 High-speed switching diodes, SOT-23"/>
      <property name="Sheetname" value=""/>
      <property name="Sheetfile" value="OpenHVPS-5.kicad_sch"/>
      <sheetpath names="/" tstamps="/"/>
      <tstamp>00000000-0000-0000-0000-00005ff5cfba</tstamp>
    </comp>
    <comp ref="D6">
      <value>BAV23S</value>
      <footprint>Package_TO_SOT_SMD:SOT-23</footprint>
      <datasheet>https://www.digikey.com/en/products/detail/on-semiconductor/BAV23S/965240</datasheet>
      <libsource lib="Diode" part="BAV99" description="BAV99 High-speed switching diodes, SOT-23"/>
      <property name="Sheetname" value=""/>
      <property name="Sheetfile" value="OpenHVPS-5.kicad_sch"/>
      <sheetpath names="/" tstamps="/"/>
      <tstamp>00000000-0000-0000-0000-00005ff5decb</tstamp>
    </comp>
    <comp ref="D7">
      <value>BAV23S</value>
      <footprint>Package_TO_SOT_SMD:SOT-23</footprint>
      <datasheet>https://www.digikey.com/en/products/detail/on-semiconductor/BAV23S/965240</datasheet>
      <libsource lib="Diode" part="BAV99" description="BAV99 High-speed switching diodes, SOT-23"/>
      <property name="Sheetname" value=""/>
      <property name="Sheetfile" value="OpenHVPS-5.kicad_sch"/>
      <sheetpath names="/" tstamps="/"/>
      <tstamp>00000000-0000-0000-0000-00005ff5e958</tstamp>
    </comp>
    <comp ref="D8">
      <value>BAV23S</value>
      <footprint>Package_TO_SOT_SMD:SOT-23</footprint>
      <datasheet>https://www.digikey.com/en/products/detail/on-semiconductor/BAV23S/965240</datasheet>
      <libsource lib="Diode" part="BAV99" description="BAV99 High-speed switching diodes, SOT-23"/>
      <property name="Sheetname" value=""/>
      <property name="Sheetfile" value="OpenHVPS-5.kicad_sch"/>
      <sheetpath names="/" tstamps="/"/>
      <tstamp>00000000-0000-0000-0000-00005ff5f518</tstamp>
    </comp>
    <comp ref="D9">
      <value>BAV23S</value>
      <footprint>Package_TO_SOT_SMD:SOT-23</footprint>
      <datasheet>https://www.digikey.com/en/products/detail/on-semiconductor/BAV23S/965240</datasheet>
      <libsource lib="Diode" part="BAV99" description="BAV99 High-speed switching diodes, SOT-23"/>
      <property name="Sheetname" value=""/>
      <property name="Sheetfile" value="OpenHVPS-5.kicad_sch"/>
      <sheetpath names="/" tstamps="/"/>
      <tstamp>00000000-0000-0000-0000-00005ff60b0e</tstamp>
    </comp>
    <comp ref="F1">
      <value>Polyfuse</value>
      <footprint>Resistor_SMD:R_0805_2012Metric</footprint>
      <datasheet>https://www.digikey.com/en/products/detail/murata-electronics/PRG21BC0R2MM1RA/966726</datasheet>
      <libsource lib="Device" part="Polyfuse_Small" description="Resettable fuse, polymeric positive temperature coefficient, small symbol"/>
      <property name="Sheetname" value=""/>
      <property name="Sheetfile" value="OpenHVPS-5.kicad_sch"/>
      <sheetpath names="/" tstamps="/"/>
      <tstamp>56f8a695-d95b-413d-8be6-9f4865ee9bab</tstamp>
    </comp>
    <comp ref="FB1">
      <value>BKP2125HS221-T</value>
      <footprint>Resistor_SMD:R_0805_2012Metric</footprint>
      <datasheet>https://www.digikey.com/en/products/detail/bourns-inc/MH2029-221Y/3767626</datasheet>
      <libsource lib="Device" part="Ferrite_Bead" description="Ferrite bead"/>
      <property name="Sheetname" value=""/>
      <property name="Sheetfile" value="OpenHVPS-5.kicad_sch"/>
      <sheetpath names="/" tstamps="/"/>
      <tstamp>00000000-0000-0000-0000-00006007c915</tstamp>
    </comp>
    <comp ref="FB2">
      <value>BKP2125HS221-T</value>
      <footprint>Resistor_SMD:R_0805_2012Metric</footprint>
      <datasheet>https://www.digikey.com/en/products/detail/bourns-inc/MH2029-221Y/3767626</datasheet>
      <libsource lib="Device" part="Ferrite_Bead" description="Ferrite bead"/>
      <property name="Sheetname" value=""/>
      <property name="Sheetfile" value="OpenHVPS-5.kicad_sch"/>
      <sheetpath names="/" tstamps="/"/>
      <tstamp>00000000-0000-0000-0000-00006000eb1c</tstamp>
    </comp>
    <comp ref="H1">
      <value>Cathode</value>
      <footprint>TestPoint:TestPoint_Loop_D2.60mm_Drill1.4mm_Beaded</footprint>
      <datasheet>~</datasheet>
      <libsource lib="Mechanical" part="MountingHole_Pad" description="Mounting Hole with connection"/>
      <property name="Sheetname" value=""/>
      <property name="Sheetfile" value="OpenHVPS-5.kicad_sch"/>
      <sheetpath names="/" tstamps="/"/>
      <tstamp>5534fd63-59cd-4e2a-9176-13a9cbe98172</tstamp>
    </comp>
    <comp ref="H2">
      <value>Anode</value>
      <footprint>TestPoint:TestPoint_Loop_D3.50mm_Drill1.4mm_Beaded</footprint>
      <datasheet>~</datasheet>
      <libsource lib="Mechanical" part="MountingHole_Pad" description="Mounting Hole with connection"/>
      <property name="Sheetname" value=""/>
      <property name="Sheetfile" value="OpenHVPS-5.kicad_sch"/>
      <sheetpath names="/" tstamps="/"/>
      <tstamp>8e6f414f-5055-45b6-9d50-4d4f2e754637</tstamp>
    </comp>
    <comp ref="H4">
      <value>Anode</value>
      <footprint>TestPoint:TestPoint_Loop_D3.50mm_Drill1.4mm_Beaded</footprint>
      <datasheet>~</datasheet>
      <libsource lib="Mechanical" part="MountingHole_Pad" description="Mounting Hole with connection"/>
      <property name="Sheetname" value=""/>
      <property name="Sheetfile" value="OpenHVPS-5.kicad_sch"/>
      <sheetpath names="/" tstamps="/"/>
      <tstamp>1bb128b1-2936-4930-949d-3657cdcf55a0</tstamp>
    </comp>
    <comp ref="J1">
      <value>Conn_01x03_Male</value>
      <footprint>Connector_PinHeader_2.54mm:PinHeader_1x03_P2.54mm_Vertical</footprint>
      <datasheet>~</datasheet>
      <libsource lib="Connector" part="Conn_01x03_Male" description="Generic connector, single row, 01x03, script generated (kicad-library-utils/schlib/autogen/connector/)"/>
      <property name="Sheetname" value=""/>
      <property name="Sheetfile" value="OpenHVPS-5.kicad_sch"/>
      <sheetpath names="/" tstamps="/"/>
      <tstamp>cfef5cd8-f134-487a-8cb2-e8668492f6e4</tstamp>
    </comp>
    <comp ref="L1">
      <value>4.7uH</value>
      <footprint>Inductor_SMD:L_Taiyo-Yuden_MD-4040</footprint>
      <datasheet>https://www.digikey.com/en/products/detail/taiyo-yuden/MDWK4040T4R7MM/5880041</datasheet>
      <libsource lib="2021-01-06_02-33-04" part="NRS6020T2R2NMGJ" description=""/>
      <property name="Sheetname" value=""/>
      <property name="Sheetfile" value="OpenHVPS-5.kicad_sch"/>
      <sheetpath names="/" tstamps="/"/>
      <tstamp>00000000-0000-0000-0000-00005ffe44be</tstamp>
    </comp>
    <comp ref="Q1">
      <value>FQT7N10</value>
      <footprint>Package_TO_SOT_SMD:SOT-223-3_TabPin4</footprint>
      <datasheet>https://www.infineon.com/dgdl/irf6655pbf.pdf?fileId=5546d462533600a4015355ec76961a5b</datasheet>
      <libsource lib="Transistor_FET" part="IRF6655" description="4.2A Id, 100V Vds, 62mOhm Rds, N-Channel MOSFET, DirectFET SH"/>
      <property name="Sheetname" value=""/>
      <property name="Sheetfile" value="OpenHVPS-5.kicad_sch"/>
      <sheetpath names="/" tstamps="/"/>
      <tstamp>0b3e807e-2e2e-4d01-9bff-0d612d23cbec</tstamp>
    </comp>
    <comp ref="Q2">
      <value>BC846A</value>
      <footprint>Package_TO_SOT_SMD:SOT-23</footprint>
      <datasheet>https://www.digikey.com/en/products/detail/diodes-incorporated/BC846A-7-F/1934446</datasheet>
      <libsource lib="Transistor_BJT" part="BC846" description="0.1A Ic, 65V Vce, NPN Transistor, SOT-23"/>
      <property name="Sheetname" value=""/>
      <property name="Sheetfile" value="OpenHVPS-5.kicad_sch"/>
      <sheetpath names="/" tstamps="/"/>
      <tstamp>00000000-0000-0000-0000-000060126f57</tstamp>
    </comp>
    <comp ref="Q3">
      <value>MMDT3906</value>
      <footprint>Package_TO_SOT_SMD:SOT-363_SC-70-6</footprint>
      <datasheet>https://www.digikey.com/en/products/detail/diodes-incorporated/MMDT3906-7-F/814540</datasheet>
      <libsource lib="Transistor_BJT" part="MMDT3906" description="200mA IC, 40V Vce, Dual PNP/PNP Transistors, SOT-363"/>
      <property name="Sheetname" value=""/>
      <property name="Sheetfile" value="OpenHVPS-5.kicad_sch"/>
      <sheetpath names="/" tstamps="/"/>
      <tstamp>00000000-0000-0000-0000-0000601245d2</tstamp>
    </comp>
    <comp ref="R1">
      <value>4.7M</value>
      <footprint>Resistor_SMD:R_1206_3216Metric</footprint>
      <datasheet>https://www.digikey.com/en/products/detail/rohm-semiconductor/KTR18EZPF4704/1983735</datasheet>
      <libsource lib="Device" part="R" description="Resistor"/>
      <property name="Sheetname" value=""/>
      <property name="Sheetfile" value="OpenHVPS-5.kicad_sch"/>
      <sheetpath names="/" tstamps="/"/>
      <tstamp>00000000-0000-0000-0000-00006010b6b0</tstamp>
    </comp>
    <comp ref="R3">
      <value>100K</value>
      <footprint>Resistor_SMD:R_0805_2012Metric</footprint>
      <datasheet>https://www.digikey.com/en/products/detail/stackpole-electronics-inc/RMCF0805FT100K/1760712</datasheet>
      <libsource lib="Device" part="R" description="Resistor"/>
      <property name="Sheetname" value=""/>
      <property name="Sheetfile" value="OpenHVPS-5.kicad_sch"/>
      <sheetpath names="/" tstamps="/"/>
      <tstamp>00000000-0000-0000-0000-0000600d480f</tstamp>
    </comp>
    <comp ref="R4">
      <value>10K</value>
      <footprint>Resistor_SMD:R_0805_2012Metric</footprint>
      <datasheet>https://www.digikey.com/en/products/detail/stackpole-electronics-https://www.digikey.com/en/products/detail/stackpole-electronics-inc/RNCP0805FTD10K0/2240262</datasheet>
      <libsource lib="Device" part="R" description="Resistor"/>
      <property name="Sheetname" value=""/>
      <property name="Sheetfile" value="OpenHVPS-5.kicad_sch"/>
      <sheetpath names="/" tstamps="/"/>
      <tstamp>00000000-0000-0000-0000-0000600df7da</tstamp>
    </comp>
    <comp ref="R5">
      <value>100</value>
      <footprint>Resistor_SMD:R_0805_2012Metric</footprint>
      <datasheet>https://www.digikey.com/en/products/detail/te-connectivity-passive-product/CRG0805F100R/2380830</datasheet>
      <libsource lib="Device" part="R" description="Resistor"/>
      <property name="Sheetname" value=""/>
      <property name="Sheetfile" value="OpenHVPS-5.kicad_sch"/>
      <sheetpath names="/" tstamps="/"/>
      <tstamp>00000000-0000-0000-0000-00006009bd6d</tstamp>
    </comp>
    <comp ref="R6">
      <value>121k</value>
      <footprint>Resistor_SMD:R_0805_2012Metric</footprint>
      <datasheet>https://www.digikey.com/en/products/detail/koa-speer-electronics-inc/RK73H2ATTD1213F/10235721</datasheet>
      <libsource lib="Device" part="R" description="Resistor"/>
      <property name="Sheetname" value=""/>
      <property name="Sheetfile" value="OpenHVPS-5.kicad_sch"/>
      <sheetpath names="/" tstamps="/"/>
      <tstamp>00000000-0000-0000-0000-000060011a2b</tstamp>
    </comp>
    <comp ref="R7">
      <value>22M</value>
      <footprint>Resistor_SMD:R_0805_2012Metric</footprint>
      <datasheet>https://www.digikey.com/en/products/detail/stackpole-electronics-inc/RMCF0805FT22M0/6053747</datasheet>
      <libsource lib="Device" part="R" description="Resistor"/>
      <property name="Sheetname" value=""/>
      <property name="Sheetfile" value="OpenHVPS-5.kicad_sch"/>
      <sheetpath names="/" tstamps="/"/>
      <tstamp>00000000-0000-0000-0000-000060043aab</tstamp>
    </comp>
    <comp ref="R8">
      <value>22M</value>
      <footprint>Resistor_SMD:R_0805_2012Metric</footprint>
      <datasheet>https://www.digikey.com/en/products/detail/stackpole-electronics-inc/RMCF0805FT22M0/6053747</datasheet>
      <libsource lib="Device" part="R" description="Resistor"/>
      <property name="Sheetname" value=""/>
      <property name="Sheetfile" value="OpenHVPS-5.kicad_sch"/>
      <sheetpath names="/" tstamps="/"/>
      <tstamp>00000000-0000-0000-0000-000060042e90</tstamp>
    </comp>
    <comp ref="R9">
      <value>22M</value>
      <footprint>Resistor_SMD:R_0805_2012Metric</footprint>
      <datasheet>https://www.digikey.com/en/products/detail/stackpole-electronics-inc/RMCF0805FT22M0/6053747</datasheet>
      <libsource lib="Device" part="R" description="Resistor"/>
      <property name="Sheetname" value=""/>
      <property name="Sheetfile" value="OpenHVPS-5.kicad_sch"/>
      <sheetpath names="/" tstamps="/"/>
      <tstamp>00000000-0000-0000-0000-00006003f247</tstamp>
    </comp>
    <comp ref="R10">
      <value>22M</value>
      <footprint>Resistor_SMD:R_0805_2012Metric</footprint>
      <datasheet>https://www.digikey.com/en/products/detail/stackpole-electronics-inc/RMCF0805FT22M0/6053747</datasheet>
      <libsource lib="Device" part="R" description="Resistor"/>
      <property name="Sheetname" value=""/>
      <property name="Sheetfile" value="OpenHVPS-5.kicad_sch"/>
      <sheetpath names="/" tstamps="/"/>
      <tstamp>00000000-0000-0000-0000-00006003ae9a</tstamp>
    </comp>
    <comp ref="R11">
      <value>33k</value>
      <footprint>Resistor_SMD:R_0805_2012Metric</footprint>
      <datasheet>https://www.digikey.com/en/products/detail/te-connectivity-passive-product/CRGCQ0805F33K/8576369</datasheet>
      <libsource lib="Device" part="R" description="Resistor"/>
      <property name="Sheetname" value=""/>
      <property name="Sheetfile" value="OpenHVPS-5.kicad_sch"/>
      <sheetpath names="/" tstamps="/"/>
      <tstamp>00000000-0000-0000-0000-00006018546e</tstamp>
    </comp>
    <comp ref="R12">
      <value>100</value>
      <footprint>Resistor_SMD:R_0805_2012Metric</footprint>
      <datasheet>https://www.digikey.com/en/products/detail/te-connectivity-passive-product/CRG0805F100R/2380830</datasheet>
      <libsource lib="Device" part="R" description="Resistor"/>
      <property name="Sheetname" value=""/>
      <property name="Sheetfile" value="OpenHVPS-5.kicad_sch"/>
      <sheetpath names="/" tstamps="/"/>
      <tstamp>00000000-0000-0000-0000-0000600bb2fc</tstamp>
    </comp>
    <comp ref="R13">
      <value>100k</value>
      <footprint>Resistor_SMD:R_0805_2012Metric</footprint>
      <datasheet>https://www.digikey.com/en/products/detail/stackpole-electronics-inc/RMCF0805FT100K/1760712</datasheet>
      <libsource lib="Device" part="R" description="Resistor"/>
      <property name="Sheetname" value=""/>
      <property name="Sheetfile" value="OpenHVPS-5.kicad_sch"/>
      <sheetpath names="/" tstamps="/"/>
      <tstamp>0e34cc3d-a772-43e6-b58c-8eeb792631e5</tstamp>
    </comp>
    <comp ref="R14">
      <value>1M5</value>
      <footprint>Resistor_SMD:R_0805_2012Metric</footprint>
      <datasheet>https://www.digikey.com/en/products/detail/vishay-dale/CRCW08051M50FKEA/1176034</datasheet>
      <libsource lib="Device" part="R" description="Resistor"/>
      <property name="Sheetname" value=""/>
      <property name="Sheetfile" value="OpenHVPS-5.kicad_sch"/>
      <sheetpath names="/" tstamps="/"/>
      <tstamp>adcc374e-3c86-48f4-8335-00f8a4e67511</tstamp>
    </comp>
    <comp ref="R15">
      <value>392k</value>
      <footprint>Resistor_SMD:R_0805_2012Metric</footprint>
      <datasheet>https://www.digikey.com/en/products/detail/yageo/RC0805FR-07392KL/727905</datasheet>
      <libsource lib="Device" part="R" description="Resistor"/>
      <property name="Sheetname" value=""/>
      <property name="Sheetfile" value="OpenHVPS-5.kicad_sch"/>
      <sheetpath names="/" tstamps="/"/>
      <tstamp>69a31fa7-1f19-4a47-87b1-54ebf66883f6</tstamp>
    </comp>
    <comp ref="R16">
      <value>1M</value>
      <footprint>Resistor_SMD:R_0805_2012Metric</footprint>
      <datasheet>https://www.digikey.com/en/products/detail/yageo/RT0805FRE071ML/1079056</datasheet>
      <libsource lib="Device" part="R" description="Resistor"/>
      <property name="Sheetname" value=""/>
      <property name="Sheetfile" value="OpenHVPS-5.kicad_sch"/>
      <sheetpath names="/" tstamps="/"/>
      <tstamp>9ce4db48-cda7-486a-9c9c-a2b76843a71d</tstamp>
    </comp>
    <comp ref="R17">
      <value>499k</value>
      <footprint>Resistor_SMD:R_0805_2012Metric</footprint>
      <datasheet>https://www.digikey.com/en/products/detail/stackpole-electronics-inc/RMCF0805FT499K/1760301</datasheet>
      <libsource lib="Device" part="R" description="Resistor"/>
      <property name="Sheetname" value=""/>
      <property name="Sheetfile" value="OpenHVPS-5.kicad_sch"/>
      <sheetpath names="/" tstamps="/"/>
      <tstamp>eddd1674-f656-4f3b-8cc3-f292bb6b041d</tstamp>
    </comp>
    <comp ref="R18">
      <value>1k</value>
      <footprint>Resistor_SMD:R_0805_2012Metric</footprint>
      <datasheet>https://www.digikey.com/en/products/detail/yageo/RT0805FRE071KL/1079055</datasheet>
      <libsource lib="Device" part="R" description="Resistor"/>
      <property name="Sheetname" value=""/>
      <property name="Sheetfile" value="OpenHVPS-5.kicad_sch"/>
      <sheetpath names="/" tstamps="/"/>
      <tstamp>c4d12b2c-0197-4425-bf09-921eb637e549</tstamp>
    </comp>
    <comp ref="R19">
      <value>100k</value>
      <footprint>Resistor_SMD:R_0805_2012Metric</footprint>
      <datasheet>https://www.digikey.com/en/products/detail/stackpole-electronics-inc/RMCF0805FT100K/1760712</datasheet>
      <libsource lib="Device" part="R" description="Resistor"/>
      <property name="Sheetname" value=""/>
      <property name="Sheetfile" value="OpenHVPS-5.kicad_sch"/>
      <sheetpath names="/" tstamps="/"/>
      <tstamp>7f2bee41-5782-463d-a410-767a52070494</tstamp>
    </comp>
    <comp ref="R20">
      <value>470K</value>
      <footprint>Resistor_SMD:R_0805_2012Metric</footprint>
      <datasheet>https://www.digikey.com/en/products/detail/te-connectivity-passive-product/CRG0805F470K/2380908</datasheet>
      <libsource lib="Device" part="R" description="Resistor"/>
      <property name="Sheetname" value=""/>
      <property name="Sheetfile" value="OpenHVPS-5.kicad_sch"/>
      <sheetpath names="/" tstamps="/"/>
      <tstamp>00000000-0000-0000-0000-0000600be743</tstamp>
    </comp>
    <comp ref="R21">
      <value>47k</value>
      <footprint>Resistor_SMD:R_0805_2012Metric</footprint>
      <datasheet>https://www.digikey.com/en/products/detail/yageo/RC0805FR-0747KL/727973</datasheet>
      <libsource lib="Device" part="R" description="Resistor"/>
      <property name="Sheetname" value=""/>
      <property name="Sheetfile" value="OpenHVPS-5.kicad_sch"/>
      <sheetpath names="/" tstamps="/"/>
      <tstamp>66aded2a-8a02-4c71-b1c0-2a35646ef9eb</tstamp>
    </comp>
    <comp ref="R22">
      <value>20k</value>
      <footprint>Resistor_SMD:R_0805_2012Metric</footprint>
      <datasheet>https://www.digikey.com/en/products/detail/panasonic-electronic-components/ERJ-6ENF2002V/111532</datasheet>
      <libsource lib="Device" part="R" description="Resistor"/>
      <property name="Sheetname" value=""/>
      <property name="Sheetfile" value="OpenHVPS-5.kicad_sch"/>
      <sheetpath names="/" tstamps="/"/>
      <tstamp>f4069547-e5fe-4fc7-a8b6-1fdedc97369c</tstamp>
    </comp>
    <comp ref="R23">
      <value>3.16M</value>
      <footprint>Resistor_SMD:R_0805_2012Metric</footprint>
      <datasheet>https://www.digikey.com/en/products/detail/yageo/RC0805FR-073M16L/727809</datasheet>
      <libsource lib="Device" part="R" description="Resistor"/>
      <property name="Sheetname" value=""/>
      <property name="Sheetfile" value="OpenHVPS-5.kicad_sch"/>
      <sheetpath names="/" tstamps="/"/>
      <tstamp>00000000-0000-0000-0000-00006005cd18</tstamp>
    </comp>
    <comp ref="U1">
      <value>MAX6008AEUR+T</value>
      <footprint>Package_TO_SOT_SMD:SOT-23</footprint>
      <datasheet>https://www.digikey.com/en/products/detail/maxim-integrated/MAX6008AEUR-T/1519060</datasheet>
      <libsource lib="Reference_Voltage" part="MAX6035xxUR30" description="3V, High-Supply-Voltage, Precision Voltage Reference, SOT-23"/>
      <property name="Sheetname" value=""/>
      <property name="Sheetfile" value="OpenHVPS-5.kicad_sch"/>
      <sheetpath names="/" tstamps="/"/>
      <tstamp>00000000-0000-0000-0000-000060096cc3</tstamp>
    </comp>
    <comp ref="U2">
      <value>74HC14</value>
      <footprint>Package_SO:SOIC-14_3.9x8.7mm_P1.27mm</footprint>
      <datasheet>https://www.digikey.com/en/products/detail/texas-instruments/CD74HC14M96/390309</datasheet>
      <libsource lib="74xx" part="74HC14" description="Hex inverter schmitt trigger"/>
      <property name="Sheetname" value=""/>
      <property name="Sheetfile" value="OpenHVPS-5.kicad_sch"/>
      <sheetpath names="/" tstamps="/"/>
      <tstamp>00000000-0000-0000-0000-00005ff4e574</tstamp>
    </comp>
    <comp ref="U3">
      <value>MAX4162</value>
      <footprint>Package_TO_SOT_SMD:SOT-23-5</footprint>
      <datasheet>https://www.digikey.com/en/products/detail/maxim-integrated/MAX4162EUK-T/470825</datasheet>
      <libsource lib="Amplifier_Operational" part="TLV2371DBV" description="Rail-to-Rail Input/Output Operational Amplifier, SOT-23-5"/>
      <property name="Sheetname" value=""/>
      <property name="Sheetfile" value="OpenHVPS-5.kicad_sch"/>
      <sheetpath names="/" tstamps="/"/>
      <tstamp>00000000-0000-0000-0000-00005ff98bd3</tstamp>
    </comp>
    <comp ref="U4">
      <value>CD14538BM</value>
      <footprint>Package_SO:SOIC-16_3.9x9.9mm_P1.27mm</footprint>
      <datasheet>https://www.digikey.com/en/products/detail/texas-instruments/CD14538BM/1690553</datasheet>
      <libsource lib="4xxx" part="4538" description="Monostable"/>
      <property name="Sheetname" value=""/>
      <property name="Sheetfile" value="OpenHVPS-5.kicad_sch"/>
      <sheetpath names="/" tstamps="/"/>
      <tstamp>00000000-0000-0000-0000-00006006d425</tstamp>
    </comp>
  </components>
  <libparts>
    <libpart lib="2021-01-06_02-33-04" part="NRS6020T2R2NMGJ">
      <footprints>
        <fp>IND_TAIYO_NRS6020_TAY</fp>
      </footprints>
      <fields>
        <field name="Reference">L</field>
        <field name="Value">NRS6020T2R2NMGJ</field>
        <field name="Footprint">IND_TAIYO_NRS6020_TAY</field>
      </fields>
      <pins>
        <pin num="1" name="1" type="unspecified"/>
        <pin num="2" name="2" type="unspecified"/>
      </pins>
    </libpart>
    <libpart lib="4xxx" part="4538">
      <description>Monostable</description>
      <docs>https://assets.nexperia.com/documents/data-sheet/HEF4538B.pdf</docs>
      <footprints>
        <fp>DIP?16*</fp>
      </footprints>
      <fields>
        <field name="Reference">U</field>
        <field name="Value">4538</field>
        <field name="Datasheet">https://assets.nexperia.com/documents/data-sheet/HEF4538B.pdf</field>
      </fields>
      <pins>
        <pin num="1" name="VSS" type="power_in"/>
        <pin num="2" name="RxCx" type="input"/>
        <pin num="3" name="R" type="input"/>
        <pin num="4" name="Clk+" type="input"/>
        <pin num="5" name="Clk-" type="input"/>
        <pin num="6" name="Q" type="output"/>
        <pin num="7" name="~Q" type="output"/>
        <pin num="8" name="VSS" type="power_in"/>
        <pin num="9" name="~Q" type="output"/>
        <pin num="10" name="Q" type="output"/>
        <pin num="11" name="Clk-" type="input"/>
        <pin num="12" name="Clk+" type="input"/>
        <pin num="13" name="R" type="input"/>
        <pin num="14" name="RxCx" type="input"/>
        <pin num="15" name="VSS" type="power_in"/>
        <pin num="16" name="VDD" type="power_in"/>
      </pins>
    </libpart>
    <libpart lib="74xx" part="74HC14">
      <description>Hex inverter schmitt trigger</description>
      <docs>http://www.ti.com/lit/gpn/sn74HC14</docs>
      <footprints>
        <fp>DIP*W7.62mm*</fp>
      </footprints>
      <fields>
        <field name="Reference">U</field>
        <field name="Value">74HC14</field>
        <field name="Datasheet">http://www.ti.com/lit/gpn/sn74HC14</field>
      </fields>
      <pins>
        <pin num="1" name="~" type="input"/>
        <pin num="2" name="~" type="output"/>
        <pin num="3" name="~" type="input"/>
        <pin num="4" name="~" type="output"/>
        <pin num="5" name="~" type="input"/>
        <pin num="6" name="~" type="output"/>
        <pin num="7" name="GND" type="power_in"/>
        <pin num="8" name="~" type="output"/>
        <pin num="9" name="~" type="input"/>
        <pin num="10" name="~" type="output"/>
        <pin num="11" name="~" type="input"/>
        <pin num="12" name="~" type="output"/>
        <pin num="13" name="~" type="input"/>
        <pin num="14" name="VCC" type="power_in"/>
      </pins>
    </libpart>
    <libpart lib="Amplifier_Operational" part="TLV2371DBV">
      <description>Rail-to-Rail Input/Output Operational Amplifier, SOT-23-5</description>
      <docs>http://www.ti.com/lit/ds/symlink/tlv2375.pdf</docs>
      <footprints>
        <fp>SOT?23*</fp>
      </footprints>
      <fields>
        <field name="Reference">U</field>
        <field name="Value">TLV2371DBV</field>
        <field name="Footprint">Package_TO_SOT_SMD:SOT-23-5</field>
        <field name="Datasheet">http://www.ti.com/lit/ds/symlink/tlv2375.pdf</field>
      </fields>
      <pins>
        <pin num="1" name="~" type="output"/>
        <pin num="2" name="V-" type="power_in"/>
        <pin num="3" name="+" type="input"/>
        <pin num="4" name="-" type="input"/>
        <pin num="5" name="V+" type="power_in"/>
      </pins>
    </libpart>
    <libpart lib="Connector" part="Conn_01x03_Male">
      <description>Generic connector, single row, 01x03, script generated (kicad-library-utils/schlib/autogen/connector/)</description>
      <docs>~</docs>
      <footprints>
        <fp>Connector*:*_1x??_*</fp>
      </footprints>
      <fields>
        <field name="Reference">J</field>
        <field name="Value">Conn_01x03_Male</field>
        <field name="Datasheet">~</field>
      </fields>
      <pins>
        <pin num="1" name="Pin_1" type="passive"/>
        <pin num="2" name="Pin_2" type="passive"/>
        <pin num="3" name="Pin_3" type="passive"/>
      </pins>
    </libpart>
    <libpart lib="Connector" part="TestPoint">
      <description>test point</description>
      <docs>~</docs>
      <footprints>
        <fp>Pin*</fp>
        <fp>Test*</fp>
      </footprints>
      <fields>
        <field name="Reference">TP</field>
        <field name="Value">TestPoint</field>
        <field name="Datasheet">~</field>
      </fields>
      <pins>
        <pin num="1" name="1" type="passive"/>
      </pins>
    </libpart>
    <libpart lib="Device" part="C">
      <description>Unpolarized capacitor</description>
      <docs>~</docs>
      <footprints>
        <fp>C_*</fp>
      </footprints>
      <fields>
        <field name="Reference">C</field>
        <field name="Value">C</field>
        <field name="Datasheet">~</field>
      </fields>
      <pins>
        <pin num="1" name="~" type="passive"/>
        <pin num="2" name="~" type="passive"/>
      </pins>
    </libpart>
    <libpart lib="Device" part="Ferrite_Bead">
      <description>Ferrite bead</description>
      <docs>~</docs>
      <footprints>
        <fp>Inductor_*</fp>
        <fp>L_*</fp>
        <fp>*Ferrite*</fp>
      </footprints>
      <fields>
        <field name="Reference">FB</field>
        <field name="Value">Ferrite_Bead</field>
        <field name="Datasheet">~</field>
      </fields>
      <pins>
        <pin num="1" name="~" type="passive"/>
        <pin num="2" name="~" type="passive"/>
      </pins>
    </libpart>
    <libpart lib="Device" part="Polyfuse_Small">
      <description>Resettable fuse, polymeric positive temperature coefficient, small symbol</description>
      <docs>~</docs>
      <footprints>
        <fp>*polyfuse*</fp>
        <fp>*PTC*</fp>
      </footprints>
      <fields>
        <field name="Reference">F</field>
        <field name="Value">Polyfuse_Small</field>
        <field name="Datasheet">~</field>
      </fields>
      <pins>
        <pin num="1" name="~" type="passive"/>
        <pin num="2" name="~" type="passive"/>
      </pins>
    </libpart>
    <libpart lib="Device" part="R">
      <description>Resistor</description>
      <docs>~</docs>
      <footprints>
        <fp>R_*</fp>
      </footprints>
      <fields>
        <field name="Reference">R</field>
        <field name="Value">R</field>
        <field name="Datasheet">~</field>
      </fields>
      <pins>
        <pin num="1" name="~" type="passive"/>
        <pin num="2" name="~" type="passive"/>
      </pins>
    </libpart>
    <libpart lib="Diode" part="1N4148W">
      <description>75V 0.15A Fast Switching Diode, SOD-123</description>
      <docs>https://www.vishay.com/docs/85748/1n4148w.pdf</docs>
      <footprints>
        <fp>D*SOD?123*</fp>
      </footprints>
      <fields>
        <field name="Reference">D</field>
        <field name="Value">1N4148W</field>
        <field name="Footprint">Diode_SMD:D_SOD-123</field>
        <field name="Datasheet">https://www.vishay.com/docs/85748/1n4148w.pdf</field>
      </fields>
      <pins>
        <pin num="1" name="K" type="passive"/>
        <pin num="2" name="A" type="passive"/>
      </pins>
    </libpart>
    <libpart lib="Diode" part="BAV99">
      <description>BAV99 High-speed switching diodes, SOT-23</description>
      <docs>https://assets.nexperia.com/documents/data-sheet/BAV99_SER.pdf</docs>
      <footprints>
        <fp>SOT?23*</fp>
      </footprints>
      <fields>
        <field name="Reference">D</field>
        <field name="Value">BAV99</field>
        <field name="Footprint">Package_TO_SOT_SMD:SOT-23</field>
        <field name="Datasheet">https://assets.nexperia.com/documents/data-sheet/BAV99_SER.pdf</field>
      </fields>
      <pins>
        <pin num="1" name="K" type="passive"/>
        <pin num="2" name="A" type="passive"/>
        <pin num="3" name="K" type="passive"/>
      </pins>
    </libpart>
    <libpart lib="Mechanical" part="MountingHole_Pad">
      <description>Mounting Hole with connection</description>
      <docs>~</docs>
      <footprints>
        <fp>MountingHole*Pad*</fp>
      </footprints>
      <fields>
        <field name="Reference">H</field>
        <field name="Value">MountingHole_Pad</field>
        <field name="Datasheet">~</field>
      </fields>
      <pins>
        <pin num="1" name="1" type="input"/>
      </pins>
    </libpart>
    <libpart lib="Reference_Voltage" part="MAX6035xxUR30">
      <description>3V, High-Supply-Voltage, Precision Voltage Reference, SOT-23</description>
      <docs>https://datasheets.maximintegrated.com/en/ds/MAX6035.pdf</docs>
      <footprints>
        <fp>SOT?23*</fp>
      </footprints>
      <fields>
        <field name="Reference">U</field>
        <field name="Value">MAX6035xxUR30</field>
        <field name="Footprint">Package_TO_SOT_SMD:SOT-23</field>
        <field name="Datasheet">https://datasheets.maximintegrated.com/en/ds/MAX6035.pdf</field>
      </fields>
      <pins>
        <pin num="1" name="IN" type="power_in"/>
        <pin num="2" name="OUT" type="power_out"/>
        <pin num="3" name="GND" type="power_in"/>
      </pins>
    </libpart>
    <libpart lib="Transistor_BJT" part="BC846">
      <description>0.1A Ic, 65V Vce, NPN Transistor, SOT-23</description>
      <docs>https://assets.nexperia.com/documents/data-sheet/BC846_SER.pdf</docs>
      <footprints>
        <fp>SOT?23*</fp>
      </footprints>
      <fields>
        <field name="Reference">Q</field>
        <field name="Value">BC846</field>
        <field name="Footprint">Package_TO_SOT_SMD:SOT-23</field>
        <field name="Datasheet">https://assets.nexperia.com/documents/data-sheet/BC846_SER.pdf</field>
      </fields>
      <pins>
        <pin num="1" name="B" type="input"/>
        <pin num="2" name="E" type="passive"/>
        <pin num="3" name="C" type="passive"/>
      </pins>
    </libpart>
    <libpart lib="Transistor_BJT" part="MMDT3906">
      <description>200mA IC, 40V Vce, Dual PNP/PNP Transistors, SOT-363</description>
      <docs>http://www.diodes.com/_files/datasheets/ds30124.pdf</docs>
      <footprints>
        <fp>SOT?363*</fp>
      </footprints>
      <fields>
        <field name="Reference">Q</field>
        <field name="Value">MMDT3906</field>
        <field name="Footprint">Package_TO_SOT_SMD:SOT-363_SC-70-6</field>
        <field name="Datasheet">http://www.diodes.com/_files/datasheets/ds30124.pdf</field>
      </fields>
      <pins>
        <pin num="1" name="E1" type="passive"/>
        <pin num="2" name="B1" type="input"/>
        <pin num="3" name="C2" type="passive"/>
        <pin num="4" name="E2" type="passive"/>
        <pin num="5" name="B2" type="input"/>
        <pin num="6" name="C1" type="passive"/>
      </pins>
    </libpart>
    <libpart lib="Transistor_FET" part="IRF6655">
      <description>4.2A Id, 100V Vds, 62mOhm Rds, N-Channel MOSFET, DirectFET SH</description>
      <docs>https://www.infineon.com/dgdl/irf6655pbf.pdf?fileId=5546d462533600a4015355ec76961a5b</docs>
      <footprints>
        <fp>DirectFET*SH*</fp>
      </footprints>
      <fields>
        <field name="Reference">Q</field>
        <field name="Value">IRF6655</field>
        <field name="Footprint">Package_DirectFET:DirectFET_SH</field>
        <field name="Datasheet">https://www.infineon.com/dgdl/irf6655pbf.pdf?fileId=5546d462533600a4015355ec76961a5b</field>
      </fields>
      <pins>
        <pin num="1" name="G" type="input"/>
        <pin num="3" name="S" type="passive"/>
        <pin num="4" name="D" type="passive"/>
      </pins>
    </libpart>
  </libparts>
  <libraries>
    <library logical="4xxx">
      <uri>/usr/share/kicad/library/4xxx.lib</uri>
    </library>
    <library logical="74xx">
      <uri>/usr/share/kicad/library/74xx.lib</uri>
    </library>
    <library logical="Amplifier_Operational">
      <uri>/usr/share/kicad/library/Amplifier_Operational.lib</uri>
    </library>
    <library logical="Connector">
      <uri>/usr/share/kicad/library/Connector.lib</uri>
    </library>
    <library logical="Device">
      <uri>/usr/share/kicad/library/Device.lib</uri>
    </library>
    <library logical="Diode">
      <uri>/usr/share/kicad/library/Diode.lib</uri>
    </library>
    <library logical="Mechanical">
      <uri>/usr/share/kicad/library/Mechanical.lib</uri>
    </library>
    <library logical="Reference_Voltage">
      <uri>/usr/share/kicad/library/Reference_Voltage.lib</uri>
    </library>
    <library logical="Transistor_BJT">
      <uri>/usr/share/kicad/library/Transistor_BJT.lib</uri>
    </library>
    <library logical="Transistor_FET">
      <uri>/usr/share/kicad/library/Transistor_FET.lib</uri>
    </library>
  </libraries>
  <nets>
    <net code="1" name="+2V5">
      <node ref="R14" pin="1" pintype="passive"/>
      <node ref="R20" pin="2" pintype="passive"/>
      <node ref="U1" pin="1" pinfunction="IN" pintype="power_in"/>
      <node ref="U3" pin="3" pinfunction="+" pintype="input"/>
    </net>
    <net code="2" name="+3V3">
      <node ref="C4" pin="1" pintype="passive"/>
      <node ref="F1" pin="2" pintype="passive"/>
      <node ref="FB1" pin="1" pintype="passive"/>
      <node ref="FB2" pin="1" pintype="passive"/>
      <node ref="R12" pin="1" pintype="passive"/>
      <node ref="R18" pin="2" pintype="passive"/>
      <node ref="R20" pin="1" pintype="passive"/>
    </net>
    <net code="3" name="GND">
      <node ref="C1" pin="2" pintype="passive"/>
      <node ref="C19" pin="2" pintype="passive"/>
      <node ref="C2" pin="2" pintype="passive"/>
      <node ref="C22" pin="2" pintype="passive"/>
      <node ref="C23" pin="2" pintype="passive"/>
      <node ref="C24" pin="2" pintype="passive"/>
      <node ref="C3" pin="2" pintype="passive"/>
      <node ref="C4" pin="2" pintype="passive"/>
      <node ref="C5" pin="2" pintype="passive"/>
      <node ref="C6" pin="1" pintype="passive"/>
      <node ref="J1" pin="3" pinfunction="Pin_3" pintype="passive"/>
      <node ref="Q1" pin="3" pinfunction="S" pintype="passive"/>
      <node ref="Q2" pin="2" pinfunction="E" pintype="passive"/>
      <node ref="Q3" pin="3" pinfunction="C2" pintype="passive"/>
      <node ref="R15" pin="2" pintype="passive"/>
      <node ref="R16" pin="2" pintype="passive"/>
      <node ref="R22" pin="2" pintype="passive"/>
      <node ref="R23" pin="2" pintype="passive"/>
      <node ref="U1" pin="2" pinfunction="OUT" pintype="power_out"/>
      <node ref="U2" pin="7" pinfunction="GND" pintype="power_in"/>
      <node ref="U3" pin="2" pinfunction="V-" pintype="power_in"/>
      <node ref="U4" pin="1" pinfunction="VSS" pintype="power_in"/>
      <node ref="U4" pin="11" pinfunction="Clk-" pintype="input"/>
      <node ref="U4" pin="13" pinfunction="R" pintype="input"/>
      <node ref="U4" pin="15" pinfunction="VSS" pintype="power_in"/>
      <node ref="U4" pin="4" pinfunction="Clk+" pintype="input"/>
      <node ref="U4" pin="8" pinfunction="VSS" pintype="power_in"/>
    </net>
    <net code="4" name="Net-(C1-Pad1)">
      <node ref="C1" pin="1" pintype="passive"/>
      <node ref="R3" pin="1" pintype="passive"/>
      <node ref="R4" pin="1" pintype="passive"/>
      <node ref="U2" pin="1" pintype="input"/>
    </net>
    <net code="5" name="Net-(C2-Pad1)">
      <node ref="C2" pin="1" pintype="passive"/>
      <node ref="R5" pin="1" pintype="passive"/>
      <node ref="U2" pin="14" pinfunction="VCC" pintype="power_in"/>
      <node ref="U3" pin="5" pinfunction="V+" pintype="power_in"/>
    </net>
    <net code="6" name="Net-(C3-Pad1)">
      <node ref="C3" pin="1" pintype="passive"/>
      <node ref="R6" pin="2" pintype="passive"/>
      <node ref="U4" pin="2" pinfunction="RxCx" pintype="input"/>
    </net>
    <net code="7" name="Net-(C5-Pad1)">
      <node ref="C5" pin="1" pintype="passive"/>
      <node ref="FB2" pin="2" pintype="passive"/>
      <node ref="L1" pin="1" pinfunction="1" pintype="unspecified"/>
    </net>
    <net code="8" name="Net-(C6-Pad2)">
      <node ref="C6" pin="2" pintype="passive"/>
      <node ref="C8" pin="1" pintype="passive"/>
      <node ref="D3" pin="3" pinfunction="K" pintype="passive"/>
      <node ref="R10" pin="1" pintype="passive"/>
    </net>
    <net code="9" name="Net-(C7-Pad1)">
      <node ref="C7" pin="1" pintype="passive"/>
      <node ref="D3" pin="1" pinfunction="K" pintype="passive"/>
      <node ref="L1" pin="2" pinfunction="2" pintype="unspecified"/>
      <node ref="Q1" pin="4" pinfunction="D" pintype="passive"/>
    </net>
    <net code="10" name="Net-(C7-Pad2)">
      <node ref="C7" pin="2" pintype="passive"/>
      <node ref="C9" pin="1" pintype="passive"/>
      <node ref="D3" pin="2" pinfunction="A" pintype="passive"/>
      <node ref="D4" pin="1" pinfunction="K" pintype="passive"/>
    </net>
    <net code="11" name="Net-(C10-Pad1)">
      <node ref="C10" pin="1" pintype="passive"/>
      <node ref="C8" pin="2" pintype="passive"/>
      <node ref="D4" pin="3" pinfunction="K" pintype="passive"/>
    </net>
    <net code="12" name="Net-(C10-Pad2)">
      <node ref="C10" pin="2" pintype="passive"/>
      <node ref="C12" pin="1" pintype="passive"/>
      <node ref="D5" pin="3" pinfunction="K" pintype="passive"/>
    </net>
    <net code="13" name="Net-(C11-Pad1)">
      <node ref="C11" pin="1" pintype="passive"/>
      <node ref="C9" pin="2" pintype="passive"/>
      <node ref="D4" pin="2" pinfunction="A" pintype="passive"/>
      <node ref="D5" pin="1" pinfunction="K" pintype="passive"/>
    </net>
    <net code="14" name="Net-(C11-Pad2)">
      <node ref="C11" pin="2" pintype="passive"/>
      <node ref="C13" pin="1" pintype="passive"/>
      <node ref="D5" pin="2" pinfunction="A" pintype="passive"/>
      <node ref="D6" pin="1" pinfunction="K" pintype="passive"/>
    </net>
    <net code="15" name="Net-(C12-Pad2)">
      <node ref="C12" pin="2" pintype="passive"/>
      <node ref="C14" pin="1" pintype="passive"/>
      <node ref="D6" pin="3" pinfunction="K" pintype="passive"/>
    </net>
    <net code="16" name="Net-(C13-Pad2)">
      <node ref="C13" pin="2" pintype="passive"/>
      <node ref="C15" pin="1" pintype="passive"/>
      <node ref="D6" pin="2" pinfunction="A" pintype="passive"/>
      <node ref="D7" pin="1" pinfunction="K" pintype="passive"/>
    </net>
    <net code="17" name="Net-(C14-Pad2)">
      <node ref="C14" pin="2" pintype="passive"/>
      <node ref="C16" pin="1" pintype="passive"/>
      <node ref="D7" pin="3" pinfunction="K" pintype="passive"/>
    </net>
    <net code="18" name="Net-(C15-Pad2)">
      <node ref="C15" pin="2" pintype="passive"/>
      <node ref="C17" pin="1" pintype="passive"/>
      <node ref="D7" pin="2" pinfunction="A" pintype="passive"/>
      <node ref="D8" pin="1" pinfunction="K" pintype="passive"/>
    </net>
    <net code="19" name="Net-(C16-Pad2)">
      <node ref="C16" pin="2" pintype="passive"/>
      <node ref="C18" pin="1" pintype="passive"/>
      <node ref="D8" pin="3" pinfunction="K" pintype="passive"/>
    </net>
    <net code="20" name="Net-(C17-Pad2)">
      <node ref="C17" pin="2" pintype="passive"/>
      <node ref="D8" pin="2" pinfunction="A" pintype="passive"/>
      <node ref="D9" pin="1" pinfunction="K" pintype="passive"/>
    </net>
    <net code="21" name="Net-(C18-Pad2)">
      <node ref="C18" pin="2" pintype="passive"/>
      <node ref="D9" pin="2" pinfunction="A" pintype="passive"/>
      <node ref="D9" pin="3" pinfunction="K" pintype="passive"/>
      <node ref="R1" pin="1" pintype="passive"/>
    </net>
    <net code="22" name="Net-(C19-Pad1)">
      <node ref="C19" pin="1" pintype="passive"/>
      <node ref="R13" pin="1" pintype="passive"/>
      <node ref="R17" pin="1" pintype="passive"/>
      <node ref="R18" pin="1" pintype="passive"/>
    </net>
    <net code="23" name="Net-(C22-Pad1)">
      <node ref="C22" pin="1" pintype="passive"/>
      <node ref="R19" pin="2" pintype="passive"/>
      <node ref="R21" pin="2" pintype="passive"/>
      <node ref="R22" pin="1" pintype="passive"/>
    </net>
    <net code="24" name="Net-(C23-Pad1)">
      <node ref="C23" pin="1" pintype="passive"/>
      <node ref="R12" pin="2" pintype="passive"/>
      <node ref="R6" pin="1" pintype="passive"/>
      <node ref="U4" pin="12" pinfunction="Clk+" pintype="input"/>
      <node ref="U4" pin="16" pinfunction="VDD" pintype="power_in"/>
      <node ref="U4" pin="3" pinfunction="R" pintype="input"/>
    </net>
    <net code="25" name="Net-(C24-Pad1)">
      <node ref="C24" pin="1" pintype="passive"/>
      <node ref="Q3" pin="2" pinfunction="B1" pintype="input"/>
      <node ref="R14" pin="2" pintype="passive"/>
      <node ref="R15" pin="1" pintype="passive"/>
    </net>
    <net code="26" name="Net-(D1-Pad1)">
      <node ref="D1" pin="1" pinfunction="K" pintype="passive"/>
      <node ref="U2" pin="11" pintype="input"/>
      <node ref="U2" pin="13" pintype="input"/>
      <node ref="U2" pin="2" pintype="output"/>
      <node ref="U2" pin="3" pintype="input"/>
      <node ref="U2" pin="5" pintype="input"/>
      <node ref="U2" pin="9" pintype="input"/>
    </net>
    <net code="27" name="Net-(D1-Pad2)">
      <node ref="D1" pin="2" pinfunction="A" pintype="passive"/>
      <node ref="R4" pin="2" pintype="passive"/>
    </net>
    <net code="28" name="Net-(D2-Pad1)">
      <node ref="D2" pin="1" pinfunction="K" pintype="passive"/>
      <node ref="R11" pin="1" pintype="passive"/>
      <node ref="U4" pin="5" pinfunction="Clk-" pintype="input"/>
    </net>
    <net code="29" name="Net-(D2-Pad2)">
      <node ref="D2" pin="2" pinfunction="A" pintype="passive"/>
      <node ref="J1" pin="2" pinfunction="Pin_2" pintype="passive"/>
      <node ref="U4" pin="6" pinfunction="Q" pintype="output"/>
    </net>
    <net code="30" name="Net-(F1-Pad1)">
      <node ref="F1" pin="1" pintype="passive"/>
      <node ref="J1" pin="1" pinfunction="Pin_1" pintype="passive"/>
    </net>
    <net code="31" name="Net-(FB1-Pad2)">
      <node ref="FB1" pin="2" pintype="passive"/>
      <node ref="R5" pin="2" pintype="passive"/>
    </net>
    <net code="32" name="Net-(H1-Pad1)">
      <node ref="H1" pin="1" pinfunction="1" pintype="input"/>
      <node ref="R21" pin="1" pintype="passive"/>
    </net>
    <net code="33" name="Net-(H2-Pad1)">
      <node ref="H2" pin="1" pinfunction="1" pintype="input"/>
      <node ref="H4" pin="1" pinfunction="1" pintype="input"/>
      <node ref="R1" pin="2" pintype="passive"/>
    </net>
    <net code="34" name="Net-(Q1-Pad1)">
      <node ref="Q1" pin="1" pinfunction="G" pintype="input"/>
      <node ref="U2" pin="10" pintype="output"/>
      <node ref="U2" pin="12" pintype="output"/>
      <node ref="U2" pin="4" pintype="output"/>
      <node ref="U2" pin="6" pintype="output"/>
      <node ref="U2" pin="8" pintype="output"/>
    </net>
    <net code="35" name="Net-(Q2-Pad1)">
      <node ref="Q2" pin="1" pinfunction="B" pintype="input"/>
      <node ref="Q3" pin="6" pinfunction="C1" pintype="passive"/>
      <node ref="R16" pin="1" pintype="passive"/>
    </net>
    <net code="36" name="Net-(Q2-Pad3)">
      <node ref="Q2" pin="3" pinfunction="C" pintype="passive"/>
      <node ref="R11" pin="2" pintype="passive"/>
      <node ref="R13" pin="2" pintype="passive"/>
    </net>
    <net code="37" name="Net-(Q3-Pad1)">
      <node ref="Q3" pin="1" pinfunction="E1" pintype="passive"/>
      <node ref="Q3" pin="4" pinfunction="E2" pintype="passive"/>
      <node ref="R17" pin="2" pintype="passive"/>
    </net>
    <net code="38" name="Net-(Q3-Pad5)">
      <node ref="Q3" pin="5" pinfunction="B2" pintype="input"/>
      <node ref="R19" pin="1" pintype="passive"/>
    </net>
    <net code="39" name="Net-(R3-Pad2)">
      <node ref="R3" pin="2" pintype="passive"/>
      <node ref="U3" pin="1" pintype="output"/>
    </net>
    <net code="40" name="Net-(R7-Pad2)">
      <node ref="R7" pin="2" pintype="passive"/>
      <node ref="R8" pin="1" pintype="passive"/>
    </net>
    <net code="41" name="Net-(R8-Pad2)">
      <node ref="R8" pin="2" pintype="passive"/>
      <node ref="R9" pin="1" pintype="passive"/>
    </net>
    <net code="42" name="Net-(R10-Pad2)">
      <node ref="R10" pin="2" pintype="passive"/>
      <node ref="R9" pin="2" pintype="passive"/>
    </net>
    <net code="43" name="Net-(R23-Pad1)">
      <node ref="R23" pin="1" pintype="passive"/>
      <node ref="R7" pin="1" pintype="passive"/>
      <node ref="U3" pin="4" pinfunction="-" pintype="input"/>
    </net>
    <net code="44" name="unconnected-(U1-Pad3)">
      <node ref="U1" pin="3" pinfunction="GND" pintype="power_in"/>
    </net>
    <net code="45" name="unconnected-(U4-Pad7)">
      <node ref="U4" pin="7" pinfunction="~Q" pintype="output"/>
    </net>
    <net code="46" name="unconnected-(U4-Pad9)">
      <node ref="U4" pin="9" pinfunction="~Q" pintype="output"/>
    </net>
    <net code="47" name="unconnected-(U4-Pad10)">
      <node ref="U4" pin="10" pinfunction="Q" pintype="output"/>
    </net>
    <net code="48" name="unconnected-(U4-Pad14)">
      <node ref="U4" pin="14" pinfunction="RxCx" pintype="input"/>
    </net>
  </nets>
</export>
